ID,class,p_x,p_y,p_z,n_x,n_y,n_z,size,time
0,cir_10,1.060364726,1.493764579,-0.617503871,-0.115748683,-0.059179746,0,0.15,1697337619.38361
18,cir_50,-1.238112199,4.348753134,-0.088921361,0.556513662,-0.830838458,-0.000000000,0.15,1709801397.687340736
